Axis,Question,ID
Digital Strategy,Votre entreprise a-t-elle une stratégie digitale clairement définie ?,1
Digital Strategy,Avez-vous fixé des objectifs mesurables pour votre stratégie digitale ?,2
Digital Strategy,Est-ce que votre entreprise suit les tendances technologiques et numériques ?,3
Digital Strategy,Avez-vous alloué un budget spécifique pour les initiatives digitales ?,4
Digital Marketing,Votre entreprise utilise-t-elle des outils de marketing automation ?,5
Digital Marketing,Avez-vous une stratégie de contenu pour votre blog ou site web ?,6
Digital Marketing,Est-ce que vous mesurez régulièrement l'efficacité de vos campagnes marketing digitales ?,7
Digital Marketing,Votre entreprise utilise-t-elle des techniques de ciblage publicitaire avancées comme le retargeting ?,8
Digital Transformation,Avez-vous intégré des outils numériques pour améliorer vos processus internes ?,9
Digital Transformation,Est-ce que vos employés sont formés aux nouvelles technologies et outils digitaux ?,10
Digital Transformation,Utilisez-vous des solutions cloud pour vos opérations ?,11
Digital Transformation,Votre entreprise a-t-elle un plan de transformation digitale en cours ?,12
Digital Customer Experience,Votre site web offre-t-il une expérience utilisateur optimisée ?,13
Digital Customer Experience,Avez-vous mis en place des outils de gestion de la relation client (CRM) ?,14
Digital Customer Experience,Utilisez-vous des chatbots ou assistants virtuels pour améliorer le support client ?,15
Digital Customer Experience,Est-ce que vous recueillez et analysez régulièrement les feedbacks des clients pour améliorer vos services ?,16
